tempo,potencia_PV,custo_energia
0,0,0.47
1,0,0.47
2,0,0.47
3,0,0.47
4,0,0.47
5,0,0.47
6,0.27027027,0.47
7,2.767940354,0.47
8,5.097856477,0.47
9,7.455731594,0.47
10,8.732525629,0.47
11,9.72972973,0.47
12,10,0.47
13,9.263746505,0.47
14,7.837837838,0.47
15,5.526561044,0.47
16,2.935694315,0.47
17,0.307548928,0.65
18,0,1
19,0,1
20,0,1
21,0,0.65
22,0,0.47
23,0,0.47
24,0,0.47
